{"val_logits": {"_type": "histogram", "values": [6, 22, 4, 0, 0, 0, 0, 0, 0, 0, 0, 0, 0, 0, 0, 0, 0, 0, 1, 8, 16, 7, 0, 0, 1, 13, 15, 3, 0, 0, 0, 0, 0, 5, 25, 3, 8, 17, 6, 0, 0, 0, 5, 25, 2, 0, 14, 15, 3, 0, 0, 1, 12, 16, 3, 0, 0, 0, 0, 2, 5, 18, 25, 14], "bins": [-0.1619487702846527, -0.15936684608459473, -0.15678492188453674, -0.15420299768447876, -0.15162108838558197, -0.149039164185524, -0.146457239985466, -0.14387531578540802, -0.14129339158535004, -0.13871146738529205, -0.13612955808639526, -0.13354763388633728, -0.1309657096862793, -0.1283837854862213, -0.12580186128616333, -0.12321994453668594, -0.12063802033662796, -0.11805609613656998, -0.11547417938709259, -0.1128922551870346, -0.11031033098697662, -0.10772841423749924, -0.10514649003744125, -0.10256456583738327, -0.09998264908790588, -0.0974007248878479, -0.09481880068778992, -0.09223687648773193, -0.08965495973825455, -0.08707303553819656, -0.08449111133813858, -0.0819091945886612, -0.07932727038860321, -0.07674534618854523, -0.07416342943906784, -0.07158150523900986, -0.06899958103895187, -0.06641766428947449, -0.0638357400894165, -0.06125381588935852, -0.058671895414590836, -0.05608997493982315, -0.05350805073976517, -0.05092613026499748, -0.0483442097902298, -0.045762285590171814, -0.04318036511540413, -0.040598440915346146, -0.03801652044057846, -0.035434599965810776, -0.03285267576575279, -0.030270755290985107, -0.027688832953572273, -0.02510691061615944, -0.022524990141391754, -0.01994306780397892, -0.017361145466566086, -0.014779223129153252, -0.012197301723062992, -0.009615380316972733, -0.007033457979559898, -0.0044515361078083515, -0.0018696142360568047, 0.0007123076356947422, 0.003294229507446289]}, "_timestamp": 1651655784, "_runtime": 58, "_step": 27, "train_logits": {"_type": "histogram", "values": [2, 2, 2, 3, 3, 2, 3, 6, 4, 11, 15, 11, 24, 23, 22, 21, 27, 35, 28, 15, 15, 12, 2, 0, 0, 0, 0, 0, 0, 0, 0, 0, 0, 0, 0, 0, 0, 0, 0, 0, 0, 1, 0, 4, 2, 2, 0, 2, 3, 4, 1, 3, 2, 3, 0, 0, 1, 1, 0, 0, 1, 0, 0, 2], "bins": [-569913.4375, -550540.1875, -531167.0, -511793.78125, -492420.5625, -473047.3125, -453674.09375, -434300.875, -414927.65625, -395554.4375, -376181.21875, -356808.0, -337434.75, -318061.53125, -298688.3125, -279315.09375, -259941.875, -240568.65625, -221195.4375, -201822.203125, -182448.984375, -163075.765625, -143702.53125, -124329.3125, -104956.09375, -85582.875, -66209.6484375, -46836.42578125, -27463.203125, -8089.98046875, 11283.2421875, 30656.46484375, 50029.6875, 69402.90625, 88776.1328125, 108149.359375, 127522.578125, 146895.796875, 166269.03125, 185642.25, 205015.46875, 224388.6875, 243761.90625, 263135.125, 282508.375, 301881.59375, 321254.8125, 340628.03125, 360001.25, 379374.46875, 398747.6875, 418120.90625, 437494.125, 456867.375, 476240.59375, 495613.8125, 514987.03125, 534360.25, 553733.5, 573106.6875, 592479.9375, 611853.125, 631226.375, 650599.5625, 669972.8125]}, "train_loss": 0.0, "train_acc": 1.0, "epoch": 0, "trainer/global_step": 19}