{"train_loss": 2.2051191329956055, "train_acc": 0.203125, "epoch": 0, "trainer/global_step": 249, "_timestamp": 1653729191, "_runtime": 184, "_step": 4}