{"val_logits": {"_type": "histogram", "values": [20, 0, 0, 0, 0, 0, 0, 0, 0, 0, 0, 0, 20, 0, 0, 0, 0, 0, 20, 0, 0, 20, 0, 0, 0, 0, 20, 0, 0, 0, 0, 0, 0, 0, 0, 0, 0, 0, 0, 40, 0, 0, 0, 20, 0, 0, 0, 0, 0, 0, 0, 0, 0, 0, 0, 0, 0, 0, 0, 0, 0, 0, 20, 20], "bins": [-0.6385625600814819, -0.6213050484657288, -0.6040475368499756, -0.5867900252342224, -0.5695325136184692, -0.5522750020027161, -0.5350174903869629, -0.5177600383758545, -0.5005025267601013, -0.48324498534202576, -0.46598750352859497, -0.4487299919128418, -0.4314724802970886, -0.41421496868133545, -0.3969574570655823, -0.3796999454498291, -0.3624424338340759, -0.34518495202064514, -0.32792744040489197, -0.3106699287891388, -0.2934124171733856, -0.27615490555763245, -0.2588973939418793, -0.2416398972272873, -0.2243824005126953, -0.20712488889694214, -0.18986737728118896, -0.1726098656654358, -0.1553523689508438, -0.13809485733509064, -0.12083735316991806, -0.10357984155416489, -0.08632233738899231, -0.06906483322381973, -0.05180732160806656, -0.03454981744289398, -0.017292309552431107, -3.480259329080582e-05, 0.017222704365849495, 0.03448021039366722, 0.051737718284130096, 0.06899522244930267, 0.08625273406505585, 0.10351023823022842, 0.120767742395401, 0.13802525401115417, 0.15528276562690735, 0.17254026234149933, 0.1897977739572525, 0.20705528557300568, 0.22431278228759766, 0.24157029390335083, 0.258827805519104, 0.2760853171348572, 0.29334282875061035, 0.31060031056404114, 0.3278578221797943, 0.3451153337955475, 0.36237284541130066, 0.37963035702705383, 0.396887868642807, 0.4141453504562378, 0.43140286207199097, 0.44866037368774414, 0.4659178853034973]}, "_timestamp": 1651661640, "_runtime": 606, "_step": 1044, "train_logits": {"_type": "histogram", "values": [96, 0, 0, 0, 0, 0, 0, 0, 0, 0, 32, 0, 32, 0, 32, 0, 0, 0, 0, 0, 0, 0, 0, 0, 0, 0, 32, 0, 0, 0, 0, 0, 32, 0, 0, 0, 0, 0, 0, 0, 0, 0, 0, 0, 0, 0, 0, 0, 0, 0, 0, 0, 0, 0, 0, 0, 0, 0, 0, 0, 32, 0, 0, 32], "bins": [-0.4277630150318146, -0.4116855263710022, -0.3956080377101898, -0.37953051924705505, -0.3634530305862427, -0.3473755419254303, -0.3312980532646179, -0.31522056460380554, -0.2991430461406708, -0.2830655574798584, -0.266988068819046, -0.25091058015823364, -0.23483307659626007, -0.2187555879354477, -0.20267808437347412, -0.18660059571266174, -0.17052310705184937, -0.1544456034898758, -0.13836811482906342, -0.12229061871767044, -0.10621312260627747, -0.09013562649488449, -0.07405813038349152, -0.05798063799738884, -0.041903141885995865, -0.02582564763724804, -0.009748152457177639, 0.006329342257231474, 0.022406836971640587, 0.03848433122038841, 0.05456182733178139, 0.07063931971788406, 0.08671681582927704, 0.10279431194067001, 0.11887180805206299, 0.13494929671287537, 0.15102680027484894, 0.16710428893566132, 0.1831817775964737, 0.19925928115844727, 0.21533676981925964, 0.23141427338123322, 0.2474917620420456, 0.26356926560401917, 0.27964675426483154, 0.2957242429256439, 0.3118017315864563, 0.32787925004959106, 0.34395673871040344, 0.3600342273712158, 0.3761117160320282, 0.3921892046928406, 0.40826672315597534, 0.4243442118167877, 0.4404217004776001, 0.4564991891384125, 0.47257667779922485, 0.4886541962623596, 0.5047316551208496, 0.5208091735839844, 0.5368866920471191, 0.5529641509056091, 0.5690416693687439, 0.5851191282272339, 0.6011966466903687]}, "train_loss": 2.203711748123169, "train_acc": 0.1875, "epoch": 3, "trainer/global_step": 489, "val_loss": 2.217641830444336, "val_acc": 0.18411000072956085}