{"val_logits": {"_type": "histogram", "values": [3, 1, 3, 2, 5, 1, 3, 2, 9, 5, 8, 8, 20, 35, 21, 23, 32, 28, 23, 17, 14, 11, 9, 4, 1, 0, 0, 0, 0, 0, 0, 0, 0, 0, 0, 1, 1, 0, 1, 0, 2, 1, 1, 5, 0, 1, 3, 6, 2, 2, 0, 0, 1, 2, 0, 0, 0, 0, 1, 0, 1, 0, 0, 1], "bins": [-883451.3125, -851947.3125, -820443.375, -788939.375, -757435.375, -725931.375, -694427.4375, -662923.4375, -631419.4375, -599915.4375, -568411.5, -536907.5, -505403.5, -473899.53125, -442395.53125, -410891.5625, -379387.5625, -347883.59375, -316379.625, -284875.625, -253371.640625, -221867.65625, -190363.671875, -158859.6875, -127355.7109375, -95851.7265625, -64347.7421875, -32843.76171875, -1339.77734375, 30164.20703125, 61668.1875, 93172.171875, 124676.15625, 156180.140625, 187684.125, 219188.109375, 250692.09375, 282196.0625, 313700.0625, 345204.03125, 376708.03125, 408212.0, 439716.0, 471219.96875, 502723.96875, 534227.9375, 565731.9375, 597235.9375, 628739.875, 660243.875, 691747.875, 723251.8125, 754755.8125, 786259.8125, 817763.8125, 849267.75, 880771.75, 912275.75, 943779.75, 975283.6875, 1006787.6875, 1038291.6875, 1069795.625, 1101299.625, 1132803.625]}, "_timestamp": 1650719281, "_runtime": 10, "_step": 35, "train_logits": {"_type": "histogram", "values": [3, 1, 3, 2, 2, 3, 6, 2, 4, 2, 5, 5, 10, 6, 15, 11, 16, 22, 35, 36, 33, 28, 25, 9, 4, 0, 0, 0, 0, 0, 0, 0, 0, 0, 1, 1, 0, 4, 1, 3, 5, 2, 2, 1, 2, 2, 0, 2, 1, 0, 0, 1, 0, 0, 0, 1, 1, 0, 0, 0, 1, 0, 0, 1], "bins": [-1053268.625, -1015675.0, -978081.375, -940487.75, -902894.0625, -865300.4375, -827706.8125, -790113.1875, -752519.5625, -714925.9375, -677332.25, -639738.625, -602145.0, -564551.375, -526957.75, -489364.09375, -451770.46875, -414176.84375, -376583.1875, -338989.5625, -301395.9375, -263802.28125, -226208.65625, -188615.03125, -151021.390625, -113427.7578125, -75834.125, -38240.484375, -646.8515625, 36946.78125, 74540.421875, 112134.0546875, 149727.6875, 187321.328125, 224914.953125, 262508.59375, 300102.21875, 337695.875, 375289.5, 412883.125, 450476.75, 488070.40625, 525664.0625, 563257.6875, 600851.3125, 638444.9375, 676038.5625, 713632.1875, 751225.875, 788819.5, 826413.125, 864006.75, 901600.375, 939194.0, 976787.625, 1014381.3125, 1051974.875, 1089568.5, 1127162.25, 1164755.875, 1202349.5, 1239943.125, 1277536.75, 1315130.375, 1352724.0]}}