{"val_logits": {"_type": "histogram", "values": [1, 0, 0, 1, 0, 1, 0, 0, 2, 2, 0, 1, 0, 0, 2, 0, 0, 1, 0, 1, 2, 1, 2, 5, 0, 1, 2, 2, 6, 3, 12, 7, 12, 11, 13, 5, 14, 11, 14, 7, 6, 6, 4, 5, 7, 3, 1, 2, 0, 5, 2, 3, 5, 3, 1, 1, 0, 2, 1, 0, 0, 0, 0, 1], "bins": [-5.273293495178223, -5.148159503936768, -5.0230255126953125, -4.897891998291016, -4.7727580070495605, -4.6476240158081055, -4.52249002456665, -4.397356033325195, -4.272222518920898, -4.147088527679443, -4.021954536437988, -3.896820545196533, -3.7716867923736572, -3.646552801132202, -3.521418809890747, -3.396285057067871, -3.271151065826416, -3.14601731300354, -3.020883321762085, -2.89574933052063, -2.770615577697754, -2.645481586456299, -2.520347833633423, -2.3952138423919678, -2.2700798511505127, -2.1449460983276367, -2.0198121070861816, -1.8946782350540161, -1.7695443630218506, -1.644410490989685, -1.51927649974823, -1.3941426277160645, -1.269008755683899, -1.1438748836517334, -1.0187410116195679, -0.8936070799827576, -0.7684731483459473, -0.6433392763137817, -0.5182053446769714, -0.3930714726448059, -0.267937570810318, -0.14280366897583008, -0.01766977459192276, 0.10746411979198456, 0.23259802162647247, 0.3577319085597992, 0.4828658103942871, 0.6079997420310974, 0.7331336140632629, 0.8582674860954285, 0.9834014177322388, 1.1085352897644043, 1.2336691617965698, 1.358803153038025, 1.4839370250701904, 1.609070897102356, 1.7342047691345215, 1.859338641166687, 1.984472632408142, 2.1096065044403076, 2.2347404956817627, 2.3598742485046387, 2.4850082397460938, 2.6101419925689697, 2.735275983810425]}, "_timestamp": 1653579581, "_runtime": 465, "_step": 2987, "train_logits": {"_type": "histogram", "values": [1, 0, 0, 0, 0, 1, 0, 0, 0, 0, 0, 1, 0, 1, 1, 2, 2, 3, 2, 5, 3, 6, 3, 4, 6, 11, 6, 7, 7, 7, 11, 15, 7, 12, 7, 8, 15, 10, 16, 8, 17, 12, 9, 14, 13, 10, 9, 7, 3, 3, 5, 8, 6, 3, 3, 1, 2, 2, 3, 1, 0, 0, 0, 1], "bins": [-5.983051300048828, -5.84439754486084, -5.705743312835693, -5.567089557647705, -5.428435802459717, -5.2897820472717285, -5.151127815246582, -5.012474060058594, -4.8738203048706055, -4.735166549682617, -4.596512317657471, -4.457858562469482, -4.319204807281494, -4.180551052093506, -4.041896820068359, -3.903243064880371, -3.764589309692383, -3.6259353160858154, -3.487281322479248, -3.3486275672912598, -3.2099735736846924, -3.071319818496704, -2.9326658248901367, -2.7940120697021484, -2.655358076095581, -2.5167043209075928, -2.3780503273010254, -2.239396572113037, -2.1007425785064697, -1.962088704109192, -1.823434829711914, -1.6847809553146362, -1.5461270809173584, -1.4074732065200806, -1.2688193321228027, -1.130165457725525, -0.9915115833282471, -0.8528576493263245, -0.7142037749290466, -0.5755499005317688, -0.43689602613449097, -0.29824215173721313, -0.1595882624387741, -0.02093438059091568, 0.11771950125694275, 0.2563733756542206, 0.3950272798538208, 0.5336811542510986, 0.6723350286483765, 0.8109889030456543, 0.9496427774429321, 1.08829665184021, 1.2269505262374878, 1.3656044006347656, 1.5042582750320435, 1.6429121494293213, 1.7815661430358887, 1.9202200174331665, 2.0588738918304443, 2.1975276470184326, 2.336181640625, 2.4748353958129883, 2.6134893894195557, 2.752143144607544, 2.8907971382141113]}, "train_loss": 1.755008578300476, "train_acc": 0.375, "epoch": 9, "trainer/global_step": 1309, "val_loss": 2.2073845863342285, "val_acc": 0.25190985202789307, "_wandb": {"runtime": 465}}