{"val_logits": {"_type": "histogram", "values": [1, 3, 0, 3, 2, 1, 1, 2, 1, 3, 4, 1, 2, 8, 11, 11, 13, 9, 16, 12, 6, 5, 2, 0, 0, 0, 0, 0, 0, 0, 0, 0, 0, 0, 0, 0, 0, 0, 0, 0, 0, 0, 2, 0, 0, 2, 0, 2, 3, 1, 0, 0, 0, 1, 0, 0, 0, 0, 0, 0, 0, 0, 1, 1], "bins": [-1032366.5625, -997528.0, -962689.4375, -927850.875, -893012.25, -858173.6875, -823335.125, -788496.5625, -753658.0, -718819.4375, -683980.875, -649142.25, -614303.6875, -579465.125, -544626.5625, -509788.0, -474949.4375, -440110.84375, -405272.28125, -370433.71875, -335595.125, -300756.5625, -265918.0, -231079.421875, -196240.84375, -161402.28125, -126563.7109375, -91725.140625, -56886.56640625, -22047.99609375, 12790.576171875, 47629.1484375, 82467.71875, 117306.2890625, 152144.859375, 186983.4375, 221822.0, 256660.578125, 291499.15625, 326337.71875, 361176.28125, 396014.875, 430853.4375, 465692.0, 500530.5625, 535369.125, 570207.6875, 605046.3125, 639884.875, 674723.4375, 709562.0, 744400.5625, 779239.125, 814077.6875, 848916.3125, 883754.875, 918593.4375, 953432.0, 988270.5625, 1023109.125, 1057947.75, 1092786.25, 1127624.875, 1162463.375, 1197302.0]}, "_timestamp": 1651658426, "_runtime": 253, "_step": 234, "train_logits": {"_type": "histogram", "values": [1, 3, 2, 1, 2, 3, 3, 4, 4, 7, 8, 7, 8, 19, 29, 23, 26, 40, 38, 29, 18, 11, 2, 0, 0, 0, 0, 0, 0, 0, 0, 0, 0, 0, 0, 0, 0, 0, 0, 0, 0, 0, 1, 3, 4, 2, 3, 5, 3, 3, 0, 1, 2, 0, 1, 0, 0, 2, 0, 0, 0, 0, 1, 1], "bins": [-1095045.375, -1058089.125, -1021132.9375, -984176.6875, -947220.4375, -910264.25, -873308.0, -836351.75, -799395.5625, -762439.3125, -725483.0625, -688526.875, -651570.625, -614614.375, -577658.1875, -540701.9375, -503745.71875, -466789.5, -429833.25, -392877.03125, -355920.8125, -318964.5625, -282008.34375, -245052.125, -208095.890625, -171139.65625, -134183.4375, -97227.203125, -60270.9765625, -23314.748046875, 13641.48046875, 50597.7109375, 87553.9375, 124510.1640625, 161466.390625, 198422.625, 235378.84375, 272335.09375, 309291.3125, 346247.53125, 383203.75, 420160.0, 457116.21875, 494072.4375, 531028.6875, 567984.9375, 604941.125, 641897.375, 678853.625, 715809.8125, 752766.0625, 789722.25, 826678.5, 863634.75, 900590.9375, 937547.1875, 974503.4375, 1011459.625, 1048415.875, 1085372.125, 1122328.375, 1159284.625, 1196240.75, 1233197.0, 1270153.25]}, "train_loss": 0.0, "train_acc": 1.0, "epoch": 3, "trainer/global_step": 95, "val_loss": 0.0, "val_acc": 1.0, "_wandb": {"runtime": 254}}