{"val_logits": {"_type": "histogram", "values": [32, 0, 0, 0, 14, 18, 0, 0, 21, 11, 0, 0, 0, 0, 0, 0, 18, 14, 0, 0, 0, 0, 0, 0, 0, 0, 0, 0, 0, 0, 0, 0, 0, 0, 0, 0, 0, 0, 0, 0, 32, 0, 0, 13, 19, 0, 0, 0, 0, 0, 0, 0, 0, 4, 20, 8, 0, 0, 0, 4, 57, 3, 4, 28], "bins": [-0.1895366907119751, -0.18505434691905975, -0.1805720031261444, -0.17608965933322906, -0.17160731554031372, -0.16712497174739838, -0.16264262795448303, -0.1581602841615677, -0.15367792546749115, -0.1491955816745758, -0.14471323788166046, -0.14023089408874512, -0.13574855029582977, -0.13126620650291443, -0.12678386270999908, -0.12230151891708374, -0.1178191751241684, -0.11333683133125305, -0.10885448008775711, -0.10437213629484177, -0.09988979250192642, -0.09540744870901108, -0.09092510491609573, -0.08644276112318039, -0.08196041733026505, -0.0774780660867691, -0.07299572229385376, -0.06851337850093842, -0.06403103470802307, -0.05954869091510773, -0.05506634712219238, -0.05058399960398674, -0.046101655811071396, -0.04161931201815605, -0.03713696449995041, -0.032654620707035065, -0.02817227691411972, -0.023689931258559227, -0.019207587465643883, -0.01472524181008339, -0.01024289708584547, -0.005760552361607552, -0.001278207404538989, 0.0032041375525295734, 0.007686482276767492, 0.012168827466666698, 0.016651172190904617, 0.02113351598381996, 0.025615861639380455, 0.03009820729494095, 0.03458055108785629, 0.03906289488077164, 0.04354524239897728, 0.048027586191892624, 0.05250992998480797, 0.05699227377772331, 0.061474621295928955, 0.0659569650888443, 0.07043930888175964, 0.07492165267467499, 0.07940399646759033, 0.08388634771108627, 0.08836869150400162, 0.09285103529691696, 0.0973333790898323]}, "_timestamp": 1651663834, "_runtime": 37, "_step": 1}