{"val_logits": {"_type": "histogram", "values": [16, 14, 2, 0, 0, 0, 0, 0, 0, 0, 0, 0, 0, 0, 0, 0, 0, 0, 2, 10, 14, 6, 0, 0, 2, 14, 14, 2, 0, 0, 0, 0, 0, 12, 17, 6, 10, 15, 4, 0, 0, 0, 6, 24, 2, 0, 13, 16, 3, 0, 0, 2, 10, 16, 4, 0, 0, 0, 0, 0, 3, 22, 20, 19], "bins": [-0.16081692278385162, -0.1582617312669754, -0.15570653975009918, -0.15315136313438416, -0.15059617161750793, -0.1480409801006317, -0.1454857885837555, -0.14293061196804047, -0.14037542045116425, -0.13782022893428802, -0.1352650374174118, -0.13270986080169678, -0.13015466928482056, -0.12759947776794434, -0.12504428625106812, -0.12248910218477249, -0.11993391811847687, -0.11737872660160065, -0.11482354253530502, -0.1122683510184288, -0.10971316695213318, -0.10715797543525696, -0.10460279136896133, -0.10204759985208511, -0.09949241578578949, -0.09693722426891327, -0.09438204020261765, -0.09182684868574142, -0.0892716646194458, -0.08671647310256958, -0.08416128903627396, -0.08160609751939774, -0.07905091345310211, -0.07649572193622589, -0.07394053041934967, -0.07138534635305405, -0.06883015483617783, -0.0662749707698822, -0.06371977925300598, -0.06116459518671036, -0.058609407395124435, -0.05605421960353851, -0.05349903181195259, -0.05094384402036667, -0.048388656228780746, -0.045833468437194824, -0.0432782806456089, -0.04072309285402298, -0.03816790133714676, -0.03561271354556084, -0.033057525753974915, -0.03050233982503414, -0.02794715203344822, -0.025391964241862297, -0.022836776450276375, -0.020281588658690453, -0.01772639900445938, -0.015171212144196033, -0.012616024352610111, -0.010060836561024189, -0.0075056483037769794, -0.004950460512191057, -0.0023952724877744913, 0.00015991542022675276, 0.002715103328227997]}, "_timestamp": 1651648094, "_runtime": 58, "_step": 25, "train_logits": {"_type": "histogram", "values": [3, 1, 3, 2, 2, 3, 6, 2, 4, 2, 5, 5, 10, 6, 15, 11, 16, 22, 35, 36, 33, 28, 25, 9, 4, 0, 0, 0, 0, 0, 0, 0, 0, 0, 1, 1, 0, 4, 1, 3, 5, 2, 2, 1, 2, 2, 0, 2, 1, 0, 0, 1, 0, 0, 0, 1, 1, 0, 0, 0, 1, 0, 0, 1], "bins": [-1053268.625, -1015675.0, -978081.375, -940487.75, -902894.0625, -865300.4375, -827706.8125, -790113.1875, -752519.5625, -714925.9375, -677332.25, -639738.625, -602145.0, -564551.375, -526957.75, -489364.09375, -451770.46875, -414176.84375, -376583.1875, -338989.5625, -301395.9375, -263802.28125, -226208.65625, -188615.03125, -151021.390625, -113427.7578125, -75834.125, -38240.484375, -646.8515625, 36946.78125, 74540.421875, 112134.0546875, 149727.6875, 187321.328125, 224914.953125, 262508.59375, 300102.21875, 337695.875, 375289.5, 412883.125, 450476.75, 488070.40625, 525664.0625, 563257.6875, 600851.3125, 638444.9375, 676038.5625, 713632.1875, 751225.875, 788819.5, 826413.125, 864006.75, 901600.375, 939194.0, 976787.625, 1014381.3125, 1051974.875, 1089568.5, 1127162.25, 1164755.875, 1202349.5, 1239943.125, 1277536.75, 1315130.375, 1352724.0]}}