{"val_logits": {"_type": "histogram", "values": [20, 0, 0, 0, 0, 0, 0, 0, 0, 20, 0, 0, 0, 20, 20, 0, 0, 0, 20, 20, 0, 0, 0, 0, 0, 0, 0, 0, 0, 0, 0, 0, 0, 0, 20, 0, 0, 0, 20, 0, 0, 0, 0, 0, 0, 0, 0, 0, 0, 0, 0, 0, 0, 0, 0, 0, 0, 0, 0, 0, 0, 20, 0, 20], "bins": [-0.6246789693832397, -0.6050633192062378, -0.5854476690292358, -0.5658319592475891, -0.5462163090705872, -0.5266006588935852, -0.5069849491119385, -0.4873692989349365, -0.46775364875793457, -0.4481379985809326, -0.4285223186016083, -0.40890663862228394, -0.389290988445282, -0.36967533826828003, -0.3500596582889557, -0.33044397830963135, -0.3108283281326294, -0.29121267795562744, -0.2715969979763031, -0.25198131799697876, -0.2323656678199768, -0.21275000274181366, -0.1931343376636505, -0.17351867258548737, -0.15390300750732422, -0.13428734242916107, -0.11467167735099792, -0.09505601227283478, -0.07544034719467163, -0.055824682116508484, -0.03620901703834534, -0.01659335196018219, 0.003022313117980957, 0.022637978196144104, 0.04225364327430725, 0.0618693083524704, 0.08148497343063354, 0.10110063850879669, 0.12071630358695984, 0.14033196866512299, 0.15994763374328613, 0.17956329882144928, 0.19917896389961243, 0.21879462897777557, 0.23841029405593872, 0.2580259442329407, 0.277641624212265, 0.29725730419158936, 0.3168729543685913, 0.33648860454559326, 0.3561042845249176, 0.37571996450424194, 0.3953356146812439, 0.41495126485824585, 0.4345669448375702, 0.45418262481689453, 0.4737982749938965, 0.49341392517089844, 0.5130295753479004, 0.5326452851295471, 0.5522609353065491, 0.571876585483551, 0.5914922952651978, 0.6111079454421997, 0.6307235956192017]}, "_timestamp": 1651678341, "_runtime": 1222, "_step": 2987, "train_logits": {"_type": "histogram", "values": [32, 0, 0, 0, 0, 0, 0, 0, 0, 32, 0, 0, 0, 32, 32, 0, 0, 0, 32, 32, 0, 0, 0, 0, 0, 0, 0, 0, 0, 0, 0, 0, 0, 32, 0, 0, 0, 0, 32, 0, 0, 0, 0, 0, 0, 0, 0, 0, 0, 0, 0, 0, 0, 0, 0, 0, 0, 0, 0, 0, 0, 32, 0, 32], "bins": [-0.6230455040931702, -0.6034353971481323, -0.5838253498077393, -0.5642152428627014, -0.5446051955223083, -0.5249950885772705, -0.5053849816322327, -0.4857749342918396, -0.46616482734680176, -0.4465547502040863, -0.42694467306137085, -0.4073345959186554, -0.38772451877593994, -0.3681144416332245, -0.34850433468818665, -0.3288942575454712, -0.30928418040275574, -0.2896741032600403, -0.27006402611732483, -0.250453919172287, -0.23084384202957153, -0.21123376488685608, -0.19162368774414062, -0.17201359570026398, -0.15240351855754852, -0.13279344141483307, -0.11318334937095642, -0.09357327222824097, -0.07396318763494492, -0.054353103041648865, -0.03474302217364311, -0.01513293944299221, 0.004477143287658691, 0.024087226018309593, 0.043697308748960495, 0.06330738961696625, 0.0829174742102623, 0.10252755880355835, 0.1221376359462738, 0.14174772799015045, 0.1613578051328659, 0.18096788227558136, 0.200577974319458, 0.22018805146217346, 0.23979812860488892, 0.25940820574760437, 0.2790183126926422, 0.29862838983535767, 0.3182384669780731, 0.3378485441207886, 0.35745862126350403, 0.37706872820854187, 0.3966788053512573, 0.4162888824939728, 0.43589895963668823, 0.4555090367794037, 0.47511911392211914, 0.494729220867157, 0.51433926820755, 0.5339493751525879, 0.5535594820976257, 0.5731695294380188, 0.5927796363830566, 0.6123896837234497, 0.6319997906684875]}, "train_loss": 2.3281960487365723, "train_acc": 0.0625, "epoch": 9, "trainer/global_step": 1309, "val_loss": 2.2079155445098877, "val_acc": 0.18582887947559357, "_wandb": {"runtime": 1215}}