{"val_logits": {"_type": "histogram", "values": [20, 0, 0, 0, 0, 0, 0, 0, 0, 0, 40, 0, 0, 0, 20, 0, 20, 0, 0, 0, 20, 0, 0, 20, 0, 0, 0, 0, 0, 0, 0, 0, 0, 0, 0, 0, 0, 0, 0, 0, 0, 0, 20, 0, 0, 0, 0, 0, 0, 0, 0, 0, 0, 0, 0, 0, 0, 0, 0, 20, 0, 0, 0, 20], "bins": [-0.5839505791664124, -0.5650967359542847, -0.5462428331375122, -0.5273889899253845, -0.5085351467132568, -0.48968130350112915, -0.4708274304866791, -0.451973557472229, -0.4331197142601013, -0.41426587104797363, -0.39541199803352356, -0.3765581250190735, -0.3577042818069458, -0.3388504385948181, -0.31999656558036804, -0.30114269256591797, -0.2822888493537903, -0.2634350061416626, -0.24458113312721252, -0.22572727501392365, -0.20687341690063477, -0.1880195587873459, -0.169165700674057, -0.15031184256076813, -0.13145798444747925, -0.11260412633419037, -0.09375026822090149, -0.07489641010761261, -0.05604255199432373, -0.03718869388103485, -0.01833483576774597, 0.0005190223455429077, 0.019372880458831787, 0.038226738572120667, 0.057080596685409546, 0.07593445479869843, 0.0947883129119873, 0.11364217102527618, 0.13249602913856506, 0.15134988725185394, 0.17020374536514282, 0.1890576034784317, 0.20791146159172058, 0.22676531970500946, 0.24561917781829834, 0.264473021030426, 0.2833268940448761, 0.30218076705932617, 0.32103461027145386, 0.33988845348358154, 0.3587423264980316, 0.3775961995124817, 0.3964500427246094, 0.41530388593673706, 0.43415775895118713, 0.4530116319656372, 0.4718654751777649, 0.4907193183898926, 0.509573221206665, 0.5284270644187927, 0.5472809076309204, 0.5661347508430481, 0.5849885940551758, 0.6038424968719482, 0.6226963400840759]}, "_timestamp": 1651664718, "_runtime": 650, "_step": 1855, "train_logits": {"_type": "histogram", "values": [32, 0, 0, 0, 0, 0, 0, 0, 0, 0, 64, 0, 0, 0, 32, 0, 32, 0, 0, 32, 0, 0, 0, 32, 0, 0, 0, 0, 0, 0, 0, 0, 0, 0, 0, 0, 0, 0, 0, 0, 0, 0, 32, 0, 0, 0, 0, 0, 0, 0, 0, 0, 0, 0, 0, 0, 0, 0, 0, 32, 0, 0, 0, 32], "bins": [-0.587026834487915, -0.5679778456687927, -0.5489288568496704, -0.5298798680305481, -0.5108308792114258, -0.49178192019462585, -0.47273293137550354, -0.4536839425563812, -0.4346349537372589, -0.4155859649181366, -0.39653700590133667, -0.37748801708221436, -0.35843902826309204, -0.3393900394439697, -0.3203410506248474, -0.3012920618057251, -0.2822430729866028, -0.26319411396980286, -0.24414512515068054, -0.22509613633155823, -0.2060471475124359, -0.1869981735944748, -0.16794918477535248, -0.14890019595623016, -0.12985122203826904, -0.11080223321914673, -0.09175324440002441, -0.0727042630314827, -0.05365527793765068, -0.034606292843818665, -0.015557309612631798, 0.0034916745498776436, 0.022540658712387085, 0.0415896438062191, 0.06063862890005112, 0.07968761026859283, 0.09873659908771515, 0.11778558045625687, 0.13683456182479858, 0.1558835506439209, 0.1749325394630432, 0.19398151338100433, 0.21303050220012665, 0.23207949101924896, 0.2511284649372101, 0.2701774537563324, 0.2892264425754547, 0.308275431394577, 0.32732439041137695, 0.34637337923049927, 0.3654223680496216, 0.3844713568687439, 0.4035203456878662, 0.4225693345069885, 0.44161832332611084, 0.46066728234291077, 0.4797162711620331, 0.4987652599811554, 0.5178142189979553, 0.5368632078170776, 0.5559121966362, 0.5749611854553223, 0.5940101742744446, 0.6130591630935669, 0.6321081519126892]}, "train_loss": 2.296666145324707, "train_acc": 0.1875, "epoch": 5, "trainer/global_step": 785, "val_loss": 2.2093355655670166, "val_acc": 0.1860198676586151, "_wandb": {"runtime": 652}}