{"val_logits": {"_type": "histogram", "values": [1, 3, 0, 3, 2, 1, 1, 0, 2, 4, 3, 2, 2, 8, 11, 9, 15, 9, 16, 12, 6, 5, 2, 0, 0, 0, 0, 0, 0, 0, 0, 0, 0, 0, 0, 0, 0, 0, 0, 0, 0, 0, 2, 0, 0, 2, 1, 1, 3, 1, 0, 0, 0, 1, 0, 0, 0, 0, 0, 0, 0, 1, 0, 1], "bins": [-567009.9375, -547748.5625, -528487.25, -509225.875, -489964.53125, -470703.1875, -451441.8125, -432180.46875, -412919.125, -393657.78125, -374396.4375, -355135.0625, -335873.71875, -316612.375, -297351.0, -278089.65625, -258828.3125, -239566.96875, -220305.609375, -201044.25, -181782.90625, -162521.5625, -143260.203125, -123998.8515625, -104737.5, -85476.1484375, -66214.796875, -46953.4453125, -27692.09375, -8430.7421875, 10830.609375, 30091.9609375, 49353.3125, 68614.6640625, 87876.015625, 107137.3671875, 126398.71875, 145660.0625, 164921.421875, 184182.78125, 203444.125, 222705.46875, 241966.828125, 261228.1875, 280489.53125, 299750.875, 319012.25, 338273.59375, 357534.9375, 376796.28125, 396057.625, 415319.0, 434580.34375, 453841.6875, 473103.0625, 492364.40625, 511625.75, 530887.125, 550148.4375, 569409.8125, 588671.125, 607932.5, 627193.875, 646455.1875, 665716.5625]}, "_timestamp": 1651658593, "_runtime": 83, "_step": 59, "train_logits": {"_type": "histogram", "values": [2, 2, 2, 3, 3, 2, 3, 6, 4, 11, 15, 11, 24, 23, 22, 21, 27, 35, 28, 15, 15, 12, 2, 0, 0, 0, 0, 0, 0, 0, 0, 0, 0, 0, 0, 0, 0, 0, 0, 0, 0, 1, 0, 4, 2, 2, 0, 2, 3, 4, 1, 3, 2, 3, 0, 0, 1, 1, 0, 0, 1, 0, 0, 2], "bins": [-569913.4375, -550540.1875, -531167.0, -511793.78125, -492420.5625, -473047.3125, -453674.09375, -434300.875, -414927.65625, -395554.4375, -376181.21875, -356808.0, -337434.75, -318061.53125, -298688.3125, -279315.09375, -259941.875, -240568.65625, -221195.4375, -201822.203125, -182448.984375, -163075.765625, -143702.53125, -124329.3125, -104956.09375, -85582.875, -66209.6484375, -46836.42578125, -27463.203125, -8089.98046875, 11283.2421875, 30656.46484375, 50029.6875, 69402.90625, 88776.1328125, 108149.359375, 127522.578125, 146895.796875, 166269.03125, 185642.25, 205015.46875, 224388.6875, 243761.90625, 263135.125, 282508.375, 301881.59375, 321254.8125, 340628.03125, 360001.25, 379374.46875, 398747.6875, 418120.90625, 437494.125, 456867.375, 476240.59375, 495613.8125, 514987.03125, 534360.25, 553733.5, 573106.6875, 592479.9375, 611853.125, 631226.375, 650599.5625, 669972.8125]}, "train_loss": 0.0, "train_acc": 1.0, "epoch": 0, "trainer/global_step": 23, "val_loss": 0.0, "val_acc": 1.0}