{"val_logits": {"_type": "histogram", "values": [1, 3, 0, 4, 3, 4, 5, 4, 4, 8, 5, 13, 19, 15, 18, 23, 22, 32, 27, 22, 22, 19, 9, 6, 0, 0, 0, 0, 0, 0, 0, 0, 0, 0, 0, 0, 0, 0, 0, 1, 2, 1, 2, 1, 4, 1, 0, 3, 4, 3, 2, 1, 1, 1, 0, 0, 1, 0, 0, 2, 0, 1, 0, 1], "bins": [-648050.375, -626036.1875, -604022.0, -582007.8125, -559993.625, -537979.375, -515965.1875, -493951.0, -471936.8125, -449922.625, -427908.4375, -405894.21875, -383880.03125, -361865.84375, -339851.625, -317837.4375, -295823.25, -273809.0625, -251794.859375, -229780.65625, -207766.46875, -185752.28125, -163738.078125, -141723.875, -119709.6875, -97695.4921875, -75681.296875, -53667.1015625, -31652.90625, -9638.7109375, 12375.484375, 34389.6796875, 56403.875, 78418.0703125, 100432.265625, 122446.4609375, 144460.65625, 166474.84375, 188489.046875, 210503.25, 232517.4375, 254531.625, 276545.8125, 298560.03125, 320574.21875, 342588.40625, 364602.625, 386616.8125, 408631.0, 430645.1875, 452659.375, 474673.59375, 496687.78125, 518701.96875, 540716.1875, 562730.375, 584744.5625, 606758.75, 628772.9375, 650787.125, 672801.375, 694815.5625, 716829.75, 738843.9375, 760858.125]}, "_timestamp": 1651651835, "_runtime": 87, "_step": 55, "train_logits": {"_type": "histogram", "values": [2, 2, 2, 3, 3, 2, 3, 6, 4, 11, 15, 11, 24, 23, 22, 21, 27, 35, 28, 15, 15, 12, 2, 0, 0, 0, 0, 0, 0, 0, 0, 0, 0, 0, 0, 0, 0, 0, 0, 0, 0, 1, 0, 4, 2, 2, 0, 2, 3, 4, 1, 3, 2, 3, 0, 0, 1, 1, 0, 0, 1, 0, 0, 2], "bins": [-569913.4375, -550540.1875, -531167.0, -511793.78125, -492420.5625, -473047.3125, -453674.09375, -434300.875, -414927.65625, -395554.4375, -376181.21875, -356808.0, -337434.75, -318061.53125, -298688.3125, -279315.09375, -259941.875, -240568.65625, -221195.4375, -201822.203125, -182448.984375, -163075.765625, -143702.53125, -124329.3125, -104956.09375, -85582.875, -66209.6484375, -46836.42578125, -27463.203125, -8089.98046875, 11283.2421875, 30656.46484375, 50029.6875, 69402.90625, 88776.1328125, 108149.359375, 127522.578125, 146895.796875, 166269.03125, 185642.25, 205015.46875, 224388.6875, 243761.90625, 263135.125, 282508.375, 301881.59375, 321254.8125, 340628.03125, 360001.25, 379374.46875, 398747.6875, 418120.90625, 437494.125, 456867.375, 476240.59375, 495613.8125, 514987.03125, 534360.25, 553733.5, 573106.6875, 592479.9375, 611853.125, 631226.375, 650599.5625, 669972.8125]}, "_wandb": {"runtime": 86}}