{"val_logits": {"_type": "histogram", "values": [1, 0, 1, 0, 0, 0, 1, 0, 0, 1, 0, 0, 1, 0, 0, 0, 2, 0, 0, 1, 2, 4, 6, 4, 7, 9, 14, 16, 8, 12, 18, 20, 11, 7, 7, 2, 6, 0, 6, 4, 5, 5, 1, 2, 2, 3, 5, 0, 0, 2, 1, 1, 0, 0, 0, 0, 0, 0, 0, 1, 0, 0, 0, 1], "bins": [-2.4203739166259766, -2.3443422317504883, -2.268310546875, -2.192279100418091, -2.1162474155426025, -2.0402157306671143, -1.964184045791626, -1.8881524801254272, -1.812120795249939, -1.7360892295837402, -1.660057544708252, -1.5840258598327637, -1.507994294166565, -1.4319626092910767, -1.355931043624878, -1.2798993587493896, -1.2038676738739014, -1.1278361082077026, -1.0518044233322144, -0.9757727980613708, -0.8997411727905273, -0.8237095475196838, -0.7476779222488403, -0.6716462969779968, -0.5956146717071533, -0.519582986831665, -0.44355136156082153, -0.367519736289978, -0.2914881110191345, -0.21545645594596863, -0.13942483067512512, -0.06339319050312042, 0.012638449668884277, 0.08867008984088898, 0.16470173001289368, 0.24073335528373718, 0.3167650103569031, 0.3927966356277466, 0.4688282608985901, 0.5448598861694336, 0.6208915710449219, 0.6969231963157654, 0.7729548215866089, 0.8489864468574524, 0.9250180721282959, 1.0010497570037842, 1.077081322669983, 1.1531130075454712, 1.22914457321167, 1.3051762580871582, 1.3812079429626465, 1.4572395086288452, 1.5332711935043335, 1.6093027591705322, 1.6853344440460205, 1.7613661289215088, 1.8373976945877075, 1.9134293794631958, 1.9894609451293945, 2.065492630004883, 2.141524314880371, 2.2175559997558594, 2.2935874462127686, 2.369619131088257, 2.445650815963745]}, "_timestamp": 1653561580, "_runtime": 85, "_step": 433, "train_logits": {"_type": "histogram", "values": [1, 0, 0, 0, 0, 0, 0, 0, 0, 0, 0, 0, 0, 0, 1, 1, 3, 2, 1, 4, 1, 4, 6, 1, 10, 5, 4, 5, 11, 13, 9, 9, 24, 18, 19, 24, 24, 21, 16, 14, 14, 6, 9, 6, 8, 5, 2, 1, 4, 4, 1, 0, 1, 1, 1, 0, 0, 0, 0, 1, 2, 0, 2, 1], "bins": [-5.279476165771484, -5.128782749176025, -4.978089332580566, -4.827395915985107, -4.676702976226807, -4.526009559631348, -4.375316143035889, -4.22462272644043, -4.073929309844971, -3.923236131668091, -3.772542715072632, -3.621849298477173, -3.471155881881714, -3.320462703704834, -3.169769287109375, -3.019075870513916, -2.868382453918457, -2.717689275741577, -2.566995859146118, -2.416302442550659, -2.2656092643737793, -2.1149158477783203, -1.9642224311828613, -1.813529133796692, -1.6628358364105225, -1.5121424198150635, -1.361449122428894, -1.210755705833435, -1.0600624084472656, -0.9093690514564514, -0.7586756944656372, -0.607982337474823, -0.4572889804840088, -0.3065956234931946, -0.15590228140354156, -0.005208931863307953, 0.14548441767692566, 0.29617777466773987, 0.4468711018562317, 0.5975644588470459, 0.7482578158378601, 0.8989511728286743, 1.0496444702148438, 1.2003378868103027, 1.3510311841964722, 1.5017246007919312, 1.6524178981781006, 1.8031113147735596, 1.953804612159729, 2.1044979095458984, 2.2551913261413574, 2.4058847427368164, 2.5565779209136963, 2.7072713375091553, 2.8579647541046143, 3.0086581707000732, 3.159351348876953, 3.310044765472412, 3.460738182067871, 3.611431360244751, 3.76212477684021, 3.912818193435669, 4.063511371612549, 4.214204788208008, 4.364898204803467]}, "train_loss": 2.151984453201294, "train_acc": 0.21875, "epoch": 1, "trainer/global_step": 249, "val_loss": 2.0626001358032227, "val_acc": 0.2731092572212219}