{"val_logits": {"_type": "histogram", "values": [20, 0, 0, 0, 0, 0, 0, 20, 0, 0, 0, 20, 20, 20, 0, 20, 0, 0, 0, 0, 0, 0, 0, 0, 0, 0, 20, 0, 0, 0, 0, 0, 0, 0, 20, 0, 0, 0, 0, 0, 0, 0, 0, 0, 0, 0, 0, 0, 0, 0, 0, 0, 0, 0, 0, 0, 0, 0, 0, 0, 0, 0, 0, 40], "bins": [-0.5269023180007935, -0.5093904137611389, -0.4918785095214844, -0.47436657547950745, -0.4568546712398529, -0.43934276700019836, -0.4218308627605438, -0.4043189287185669, -0.38680702447891235, -0.3692951202392578, -0.35178321599960327, -0.33427131175994873, -0.3167593777179718, -0.29924747347831726, -0.2817355692386627, -0.2642236649990082, -0.24671174585819244, -0.2291998416185379, -0.21168792247772217, -0.19417601823806763, -0.1766640990972519, -0.15915219485759735, -0.14164027571678162, -0.12412837147712708, -0.10661645978689194, -0.0891045480966568, -0.07159263640642166, -0.05408072844147682, -0.036568816751241684, -0.019056905061006546, -0.0015449952334165573, 0.01596691459417343, 0.03347882628440857, 0.05099073797464371, 0.06850264966487885, 0.08601456135511398, 0.10352647304534912, 0.12103837728500366, 0.1385502964258194, 0.15606220066547394, 0.17357411980628967, 0.1910860240459442, 0.20859792828559875, 0.2261098474264145, 0.24362175166606903, 0.26113367080688477, 0.2786455750465393, 0.29615747928619385, 0.3136693835258484, 0.3311813175678253, 0.34869322180747986, 0.3662051260471344, 0.38371703028678894, 0.40122896432876587, 0.4187408685684204, 0.43625277280807495, 0.4537646770477295, 0.47127658128738403, 0.48878851532936096, 0.5063003897666931, 0.5238123536109924, 0.541324257850647, 0.5588361620903015, 0.576348066329956, 0.5938599705696106]}, "_timestamp": 1651674976, "_runtime": 817, "_step": 2224, "train_logits": {"_type": "histogram", "values": [32, 0, 0, 0, 32, 0, 0, 0, 0, 0, 0, 32, 32, 0, 0, 0, 0, 0, 32, 0, 0, 0, 0, 0, 0, 32, 0, 0, 0, 0, 0, 0, 0, 0, 0, 0, 0, 0, 32, 0, 0, 0, 0, 0, 0, 0, 32, 0, 0, 0, 0, 0, 0, 0, 0, 0, 0, 0, 0, 0, 0, 32, 0, 32], "bins": [-0.6406164169311523, -0.6212551593780518, -0.601893961429596, -0.5825327038764954, -0.5631714463233948, -0.543810248374939, -0.5244489908218384, -0.5050877332687378, -0.4857265055179596, -0.4663652777671814, -0.4470040500164032, -0.4276427924633026, -0.4082815647125244, -0.3889203369617462, -0.36955907940864563, -0.35019785165786743, -0.33083659410476685, -0.31147536635398865, -0.29211413860321045, -0.27275288105010986, -0.25339165329933167, -0.23403042554855347, -0.21466918289661407, -0.19530794024467468, -0.17594671249389648, -0.1565854698419571, -0.1372242271900177, -0.1178629919886589, -0.09850175678730011, -0.07914051413536072, -0.05977927893400192, -0.04041804000735283, -0.021056801080703735, -0.0016955630853772163, 0.017665674909949303, 0.03702691197395325, 0.05638815090060234, 0.07574938982725143, 0.09511062502861023, 0.11447186768054962, 0.133833110332489, 0.1531943380832672, 0.1725555807352066, 0.191916823387146, 0.2112780511379242, 0.2306392937898636, 0.250000536441803, 0.2693617641925812, 0.2887229919433594, 0.30808424949645996, 0.32744547724723816, 0.34680673480033875, 0.36616796255111694, 0.38552919030189514, 0.4048904478549957, 0.4242516756057739, 0.4436129033565521, 0.4629741609096527, 0.4823353886604309, 0.5016966462135315, 0.5210578441619873, 0.5404191017150879, 0.5597803592681885, 0.5791415572166443, 0.5985028147697449]}, "train_loss": 2.2764089107513428, "train_acc": 0.125, "epoch": 7, "trainer/global_step": 999, "val_loss": 2.2088632583618164, "val_acc": 0.1860198676586151}