{"val_logits": {"_type": "histogram", "values": [3, 1, 4, 1, 2, 1, 4, 2, 5, 4, 5, 4, 3, 9, 8, 18, 26, 25, 26, 34, 34, 25, 25, 16, 3, 0, 0, 0, 0, 0, 0, 0, 0, 0, 1, 1, 2, 2, 2, 3, 2, 3, 2, 4, 2, 0, 3, 0, 0, 0, 1, 0, 0, 1, 0, 0, 1, 0, 0, 0, 1, 0, 0, 1], "bins": [-1185300.625, -1143034.875, -1100769.25, -1058503.5, -1016237.8125, -973972.125, -931706.4375, -889440.75, -847175.0625, -804909.375, -762643.625, -720377.9375, -678112.25, -635846.5625, -593580.875, -551315.1875, -509049.46875, -466783.78125, -424518.0625, -382252.375, -339986.6875, -297720.96875, -255455.28125, -213189.59375, -170923.890625, -128658.1953125, -86392.5, -44126.796875, -1861.1015625, 40404.59375, 82670.296875, 124935.9921875, 167201.6875, 209467.390625, 251733.078125, 293998.78125, 336264.46875, 378530.1875, 420795.875, 463061.5625, 505327.25, 547592.9375, 589858.6875, 632124.375, 674390.0625, 716655.75, 758921.4375, 801187.125, 843452.875, 885718.5625, 927984.25, 970249.9375, 1012515.625, 1054781.375, 1097047.0, 1139312.75, 1181578.375, 1223844.125, 1266109.875, 1308375.5, 1350641.25, 1392906.875, 1435172.625, 1477438.25, 1519704.0]}, "_timestamp": 1650791522, "_runtime": 9, "_step": 38, "train_logits": {"_type": "histogram", "values": [3, 1, 3, 2, 2, 3, 6, 2, 4, 2, 5, 5, 10, 6, 15, 11, 16, 22, 35, 36, 33, 28, 25, 9, 4, 0, 0, 0, 0, 0, 0, 0, 0, 0, 1, 1, 0, 4, 1, 3, 5, 2, 2, 1, 2, 2, 0, 2, 1, 0, 0, 1, 0, 0, 0, 1, 1, 0, 0, 0, 1, 0, 0, 1], "bins": [-1053268.625, -1015675.0, -978081.375, -940487.75, -902894.0625, -865300.4375, -827706.8125, -790113.1875, -752519.5625, -714925.9375, -677332.25, -639738.625, -602145.0, -564551.375, -526957.75, -489364.09375, -451770.46875, -414176.84375, -376583.1875, -338989.5625, -301395.9375, -263802.28125, -226208.65625, -188615.03125, -151021.390625, -113427.7578125, -75834.125, -38240.484375, -646.8515625, 36946.78125, 74540.421875, 112134.0546875, 149727.6875, 187321.328125, 224914.953125, 262508.59375, 300102.21875, 337695.875, 375289.5, 412883.125, 450476.75, 488070.40625, 525664.0625, 563257.6875, 600851.3125, 638444.9375, 676038.5625, 713632.1875, 751225.875, 788819.5, 826413.125, 864006.75, 901600.375, 939194.0, 976787.625, 1014381.3125, 1051974.875, 1089568.5, 1127162.25, 1164755.875, 1202349.5, 1239943.125, 1277536.75, 1315130.375, 1352724.0]}, "_wandb": {"runtime": 9}}