{"val_logits": {"_type": "histogram", "values": [1, 3, 0, 3, 2, 1, 1, 2, 1, 3, 4, 1, 2, 8, 11, 11, 13, 9, 16, 12, 6, 5, 2, 0, 0, 0, 0, 0, 0, 0, 0, 0, 0, 0, 0, 0, 0, 0, 0, 0, 0, 0, 2, 0, 0, 2, 0, 2, 3, 1, 0, 0, 0, 1, 0, 0, 0, 0, 0, 0, 0, 0, 1, 1], "bins": [-973908.9375, -941022.1875, -908135.4375, -875248.625, -842361.875, -809475.125, -776588.375, -743701.625, -710814.875, -677928.0625, -645041.3125, -612154.5625, -579267.8125, -546381.0625, -513494.28125, -480607.53125, -447720.75, -414834.0, -381947.25, -349060.46875, -316173.71875, -283286.96875, -250400.203125, -217513.4375, -184626.6875, -151739.921875, -118853.15625, -85966.3984375, -53079.63671875, -20192.875, 12693.884765625, 45580.64453125, 78467.40625, 111354.1640625, 144240.921875, 177127.6875, 210014.453125, 242901.203125, 275787.96875, 308674.71875, 341561.5, 374448.25, 407335.0, 440221.78125, 473108.53125, 505995.28125, 538882.0625, 571768.8125, 604655.5625, 637542.3125, 670429.125, 703315.875, 736202.625, 769089.375, 801976.125, 834862.875, 867749.6875, 900636.4375, 933523.1875, 966409.9375, 999296.6875, 1032183.4375, 1065070.25, 1097957.0, 1130843.75]}, "_timestamp": 1651655086, "_runtime": 141, "_step": 113, "train_logits": {"_type": "histogram", "values": [2, 2, 2, 4, 7, 3, 3, 5, 3, 12, 13, 15, 17, 12, 17, 22, 26, 27, 22, 23, 24, 15, 10, 2, 0, 0, 0, 0, 0, 0, 0, 0, 0, 0, 0, 0, 0, 0, 0, 0, 1, 2, 2, 1, 4, 1, 2, 2, 1, 1, 4, 1, 2, 2, 1, 0, 0, 0, 0, 2, 1, 0, 0, 2], "bins": [-1054421.0, -1018811.375, -983201.8125, -947592.25, -911982.625, -876373.0, -840763.4375, -805153.875, -769544.25, -733934.625, -698325.0625, -662715.5, -627105.875, -591496.25, -555886.6875, -520277.09375, -484667.5, -449057.90625, -413448.3125, -377838.71875, -342229.125, -306619.53125, -271009.9375, -235400.34375, -199790.75, -164181.15625, -128571.5625, -92961.96875, -57352.375, -21742.78125, 13866.8125, 49476.40625, 85086.0, 120695.59375, 156305.1875, 191914.78125, 227524.375, 263133.96875, 298743.5625, 334353.15625, 369962.75, 405572.34375, 441181.9375, 476791.53125, 512401.125, 548010.75, 583620.3125, 619229.875, 654839.5, 690449.125, 726058.6875, 761668.25, 797277.875, 832887.5, 868497.0625, 904106.625, 939716.25, 975325.875, 1010935.4375, 1046545.0, 1082154.625, 1117764.25, 1153373.75, 1188983.375, 1224593.0]}, "val_loss": 0.0, "val_acc": 1.0, "epoch": 1, "trainer/global_step": 47}