{"val_logits": {"_type": "histogram", "values": [3, 1, 1, 1, 3, 1, 2, 2, 0, 4, 4, 9, 8, 22, 12, 15, 23, 30, 31, 39, 31, 17, 15, 10, 4, 0, 0, 0, 0, 0, 0, 0, 0, 0, 1, 1, 0, 0, 5, 1, 4, 1, 6, 0, 1, 0, 3, 3, 1, 2, 0, 0, 1, 0, 0, 0, 0, 0, 1, 0, 0, 0, 0, 1], "bins": [-1049354.875, -1011938.375, -974521.875, -937105.3125, -899688.8125, -862272.3125, -824855.8125, -787439.25, -750022.75, -712606.25, -675189.75, -637773.25, -600356.6875, -562940.1875, -525523.6875, -488107.15625, -450690.65625, -413274.15625, -375857.625, -338441.125, -301024.59375, -263608.09375, -226191.578125, -188775.0625, -151358.546875, -113942.03125, -76525.515625, -39109.0078125, -1692.4921875, 35724.0234375, 73140.53125, 110557.046875, 147973.5625, 185390.078125, 222806.59375, 260223.109375, 297639.625, 335056.125, 372472.65625, 409889.15625, 447305.6875, 484722.1875, 522138.6875, 559555.1875, 596971.75, 634388.25, 671804.75, 709221.25, 746637.75, 784054.3125, 821470.8125, 858887.3125, 896303.8125, 933720.375, 971136.875, 1008553.375, 1045969.875, 1083386.375, 1120802.875, 1158219.375, 1195636.0, 1233052.5, 1270469.0, 1307885.5, 1345302.0]}, "_timestamp": 1651648330, "_runtime": 85, "_step": 55, "train_logits": {"_type": "histogram", "values": [3, 1, 3, 2, 2, 3, 6, 2, 4, 2, 5, 5, 10, 6, 15, 11, 16, 22, 35, 36, 33, 28, 25, 9, 4, 0, 0, 0, 0, 0, 0, 0, 0, 0, 1, 1, 0, 4, 1, 3, 5, 2, 2, 1, 2, 2, 0, 2, 1, 0, 0, 1, 0, 0, 0, 1, 1, 0, 0, 0, 1, 0, 0, 1], "bins": [-1053268.625, -1015675.0, -978081.375, -940487.75, -902894.0625, -865300.4375, -827706.8125, -790113.1875, -752519.5625, -714925.9375, -677332.25, -639738.625, -602145.0, -564551.375, -526957.75, -489364.09375, -451770.46875, -414176.84375, -376583.1875, -338989.5625, -301395.9375, -263802.28125, -226208.65625, -188615.03125, -151021.390625, -113427.7578125, -75834.125, -38240.484375, -646.8515625, 36946.78125, 74540.421875, 112134.0546875, 149727.6875, 187321.328125, 224914.953125, 262508.59375, 300102.21875, 337695.875, 375289.5, 412883.125, 450476.75, 488070.40625, 525664.0625, 563257.6875, 600851.3125, 638444.9375, 676038.5625, 713632.1875, 751225.875, 788819.5, 826413.125, 864006.75, 901600.375, 939194.0, 976787.625, 1014381.3125, 1051974.875, 1089568.5, 1127162.25, 1164755.875, 1202349.5, 1239943.125, 1277536.75, 1315130.375, 1352724.0]}, "_wandb": {"runtime": 84}}