{"val_logits": {"_type": "histogram", "values": [20, 0, 0, 0, 0, 0, 0, 0, 0, 0, 20, 0, 0, 0, 20, 20, 0, 0, 20, 20, 0, 0, 0, 0, 0, 0, 0, 0, 0, 0, 0, 0, 0, 0, 20, 0, 0, 0, 0, 20, 0, 0, 0, 0, 0, 0, 0, 0, 0, 0, 0, 0, 0, 0, 0, 0, 0, 0, 0, 0, 0, 0, 20, 20], "bins": [-0.5655069947242737, -0.5459983348846436, -0.5264896750450134, -0.5069810152053833, -0.4874723255634308, -0.46796366572380066, -0.44845497608184814, -0.428946316242218, -0.4094376564025879, -0.3899289667606354, -0.37042030692100525, -0.3509116470813751, -0.331402987241745, -0.3118942975997925, -0.29238563776016235, -0.2728769779205322, -0.2533683180809021, -0.23385962843894958, -0.21435096859931946, -0.19484229385852814, -0.175333634018898, -0.1558249592781067, -0.13631629943847656, -0.11680762469768524, -0.09729895740747452, -0.0777902901172638, -0.05828162282705307, -0.03877295181155205, -0.019264284521341324, 0.00024438370019197464, 0.019753051921725273, 0.039261721074581146, 0.05877038836479187, 0.0782790556550026, 0.09778772294521332, 0.11729639023542404, 0.13680505752563477, 0.1563137322664261, 0.1758223921060562, 0.19533106684684753, 0.21483972668647766, 0.23434840142726898, 0.2538570761680603, 0.27336573600769043, 0.29287439584732056, 0.31238308548927307, 0.3318917453289032, 0.3514004051685333, 0.37090909481048584, 0.39041775465011597, 0.4099264144897461, 0.4294350743293762, 0.44894376397132874, 0.46845242381095886, 0.487961083650589, 0.5074697732925415, 0.5269784331321716, 0.5464870929718018, 0.5659957528114319, 0.585504412651062, 0.6050130724906921, 0.624521791934967, 0.6440304517745972, 0.6635391116142273, 0.6830477714538574]}, "_timestamp": 1652449744, "_runtime": 947, "_step": 2987, "train_logits": {"_type": "histogram", "values": [32, 0, 0, 0, 0, 0, 0, 0, 0, 0, 32, 0, 0, 0, 32, 32, 0, 0, 32, 32, 0, 0, 0, 0, 0, 0, 0, 0, 0, 0, 0, 0, 0, 0, 32, 0, 0, 0, 0, 32, 0, 0, 0, 0, 0, 0, 0, 0, 0, 0, 0, 0, 0, 0, 0, 0, 0, 0, 0, 0, 0, 0, 32, 32], "bins": [-0.5631968975067139, -0.5436747670173645, -0.5241526961326599, -0.5046305656433105, -0.48510849475860596, -0.465586394071579, -0.446064293384552, -0.426542192697525, -0.40702009201049805, -0.3874979615211487, -0.3679758608341217, -0.3484537601470947, -0.32893165946006775, -0.30940955877304077, -0.2898874580860138, -0.2703653573989868, -0.25084325671195984, -0.23132115602493286, -0.21179905533790588, -0.1922769546508789, -0.17275485396385193, -0.15323273837566376, -0.13371063768863678, -0.1141885370016098, -0.09466643631458282, -0.07514433562755585, -0.05562223121523857, -0.036100126802921295, -0.016578026115894318, 0.002944076433777809, 0.022466178983449936, 0.04198828339576721, 0.06151038408279419, 0.08103248476982117, 0.10055458545684814, 0.12007669359445572, 0.1395987868309021, 0.15912090241909027, 0.17864300310611725, 0.19816510379314423, 0.2176872044801712, 0.23720930516719818, 0.25673142075538635, 0.27625352144241333, 0.2957756221294403, 0.3152977228164673, 0.33481982350349426, 0.35434192419052124, 0.3738640248775482, 0.3933861255645752, 0.4129082262516022, 0.43243032693862915, 0.45195242762565613, 0.4714745283126831, 0.4909966289997101, 0.5105187296867371, 0.5300408601760864, 0.549562931060791, 0.5690850615501404, 0.588607132434845, 0.6081292629241943, 0.6276513338088989, 0.6471734642982483, 0.6666955351829529, 0.6862176656723022]}, "train_loss": 2.3297388553619385, "train_acc": 0.0625, "epoch": 9, "trainer/global_step": 1309, "val_loss": 2.2078988552093506, "val_acc": 0.18582887947559357, "_wandb": {"runtime": 947}}