{"val_logits": {"_type": "histogram", "values": [1, 0, 0, 0, 0, 0, 1, 0, 0, 3, 0, 0, 1, 4, 2, 1, 3, 4, 7, 6, 5, 5, 10, 8, 5, 9, 4, 7, 8, 4, 7, 11, 4, 4, 2, 9, 3, 7, 5, 2, 6, 4, 10, 3, 3, 5, 2, 5, 4, 0, 3, 1, 0, 0, 0, 0, 0, 0, 1, 0, 0, 0, 0, 1], "bins": [-6.182838439941406, -6.016968727111816, -5.851098537445068, -5.6852288246154785, -5.5193586349487305, -5.353488922119141, -5.187619209289551, -5.021749019622803, -4.855879306793213, -4.690009117126465, -4.524139404296875, -4.358269691467285, -4.192399501800537, -4.026529788970947, -3.8606598377227783, -3.6947898864746094, -3.5289201736450195, -3.3630502223968506, -3.1971802711486816, -3.0313103199005127, -2.8654403686523438, -2.699570655822754, -2.533700704574585, -2.367830753326416, -2.201960802078247, -2.036090850830078, -1.8702210187911987, -1.7043511867523193, -1.5384812355041504, -1.372611403465271, -1.206741452217102, -1.0408716201782227, -0.8750016689300537, -0.7091317772865295, -0.5432618856430054, -0.3773919641971588, -0.21152207255363464, -0.04565217345952988, 0.12021772563457489, 0.28608763217926025, 0.4519575238227844, 0.6178274154663086, 0.7836973071098328, 0.9495671987533569, 1.1154371500015259, 1.2813069820404053, 1.4471769332885742, 1.6130467653274536, 1.7789167165756226, 1.9447866678237915, 2.110656499862671, 2.27652645111084, 2.442396402359009, 2.6082661151885986, 2.7741360664367676, 2.9400060176849365, 3.1058759689331055, 3.2717459201812744, 3.4376156330108643, 3.603485584259033, 3.769355535507202, 3.935225486755371, 4.101095199584961, 4.266965389251709, 4.432835102081299]}, "_timestamp": 1653562226, "_runtime": 436, "_step": 2987, "train_logits": {"_type": "histogram", "values": [1, 0, 1, 0, 1, 0, 0, 1, 1, 0, 3, 5, 2, 4, 0, 5, 7, 7, 6, 7, 9, 6, 10, 14, 10, 12, 11, 14, 14, 11, 9, 10, 12, 16, 12, 7, 10, 5, 14, 6, 8, 7, 2, 5, 6, 0, 7, 3, 1, 2, 2, 1, 5, 2, 2, 1, 0, 1, 1, 0, 0, 0, 0, 1], "bins": [-7.085845470428467, -6.89798641204834, -6.710127353668213, -6.522268295288086, -6.334409236907959, -6.14655065536499, -5.958691596984863, -5.770832538604736, -5.582973480224609, -5.395114421844482, -5.2072553634643555, -5.0193963050842285, -4.831537246704102, -4.643678188323975, -4.455819606781006, -4.267960548400879, -4.080101490020752, -3.892242431640625, -3.704383373260498, -3.516524314880371, -3.328665256500244, -3.1408064365386963, -2.9529473781585693, -2.7650883197784424, -2.5772292613983154, -2.3893702030181885, -2.2015113830566406, -2.0136523246765137, -1.8257932662963867, -1.6379343271255493, -1.4500752687454224, -1.262216329574585, -1.074357271194458, -0.8864982724189758, -0.6986392736434937, -0.5107802748680115, -0.3229212462902069, -0.13506224751472473, 0.05279676616191864, 0.240655779838562, 0.4285147786140442, 0.6163737773895264, 0.8042327761650085, 0.9920917749404907, 1.1799508333206177, 1.367809772491455, 1.555668830871582, 1.7435277700424194, 1.9313868284225464, 2.119245767593384, 2.3071048259735107, 2.4949638843536377, 2.6828229427337646, 2.8706817626953125, 3.0585408210754395, 3.2463998794555664, 3.4342589378356934, 3.6221179962158203, 3.809976816177368, 3.997835874557495, 4.185694694519043, 4.37355375289917, 4.561412811279297, 4.749271869659424, 4.937130928039551]}, "train_loss": 1.4305821657180786, "train_acc": 0.625, "epoch": 9, "trainer/global_step": 1309, "val_loss": 2.385019063949585, "val_acc": 0.2282276600599289, "_wandb": {"runtime": 435}}