{"train_loss": 2.1201508045196533, "train_acc": 0.234375, "epoch": 5, "trainer/global_step": 1967, "_timestamp": 1653656430, "_runtime": 1406, "_step": 44, "val_loss": 256.47247314453125, "val_acc": 0.08174178749322891}