{"val_logits": {"_type": "histogram", "values": [20, 0, 0, 0, 20, 0, 0, 0, 0, 0, 0, 20, 20, 0, 0, 0, 0, 0, 20, 0, 0, 0, 0, 0, 0, 20, 0, 0, 0, 0, 0, 0, 0, 0, 0, 0, 0, 0, 20, 0, 0, 0, 0, 0, 0, 0, 20, 0, 0, 0, 0, 0, 0, 0, 0, 0, 0, 0, 0, 0, 0, 20, 0, 20], "bins": [-0.6381902694702148, -0.6190066337585449, -0.5998230576515198, -0.5806394219398499, -0.5614557862281799, -0.54227215051651, -0.5230885744094849, -0.5039049386978149, -0.484721302986145, -0.4655376970767975, -0.44635409116744995, -0.42717045545578003, -0.4079868495464325, -0.3888032138347626, -0.36961960792541504, -0.3504359722137451, -0.3312523663043976, -0.31206876039505005, -0.2928851246833801, -0.2737015187740326, -0.25451788306236267, -0.23533427715301514, -0.2161506563425064, -0.19696703553199768, -0.17778341472148895, -0.15859979391098022, -0.1394161731004715, -0.12023255974054337, -0.10104893893003464, -0.08186531811952591, -0.06268170475959778, -0.04349808394908905, -0.024314463138580322, -0.0051308441907167435, 0.014052774757146835, 0.033236391842365265, 0.05242001265287399, 0.07160363346338272, 0.09078724682331085, 0.10997086763381958, 0.1291544884443283, 0.14833810925483704, 0.16752173006534576, 0.1867053508758545, 0.20588895678520203, 0.22507257759571075, 0.24425619840621948, 0.2634398341178894, 0.28262344002723694, 0.3018070459365845, 0.3209906816482544, 0.34017428755760193, 0.35935792326927185, 0.3785415291786194, 0.3977251648902893, 0.41690877079963684, 0.4360923767089844, 0.4552760124206543, 0.47445961833000183, 0.49364325404167175, 0.5128268599510193, 0.5320104956626892, 0.5511941313743591, 0.5703777074813843, 0.5895613431930542]}, "_timestamp": 1651666174, "_runtime": 836, "_step": 2389, "train_logits": {"_type": "histogram", "values": [32, 0, 0, 0, 32, 0, 0, 0, 0, 0, 0, 32, 32, 0, 0, 0, 0, 0, 32, 0, 0, 0, 0, 0, 0, 32, 0, 0, 0, 0, 0, 0, 0, 0, 0, 0, 0, 0, 32, 0, 0, 0, 0, 0, 0, 0, 32, 0, 0, 0, 0, 0, 0, 0, 0, 0, 0, 0, 0, 0, 0, 32, 0, 32], "bins": [-0.6406164169311523, -0.6212551593780518, -0.601893961429596, -0.5825327038764954, -0.5631714463233948, -0.543810248374939, -0.5244489908218384, -0.5050877332687378, -0.4857265055179596, -0.4663652777671814, -0.4470040500164032, -0.4276427924633026, -0.4082815647125244, -0.3889203369617462, -0.36955907940864563, -0.35019785165786743, -0.33083659410476685, -0.31147536635398865, -0.29211413860321045, -0.27275288105010986, -0.25339165329933167, -0.23403042554855347, -0.21466918289661407, -0.19530794024467468, -0.17594671249389648, -0.1565854698419571, -0.1372242271900177, -0.1178629919886589, -0.09850175678730011, -0.07914051413536072, -0.05977927893400192, -0.04041804000735283, -0.021056801080703735, -0.0016955630853772163, 0.017665674909949303, 0.03702691197395325, 0.05638815090060234, 0.07574938982725143, 0.09511062502861023, 0.11447186768054962, 0.133833110332489, 0.1531943380832672, 0.1725555807352066, 0.191916823387146, 0.2112780511379242, 0.2306392937898636, 0.250000536441803, 0.2693617641925812, 0.2887229919433594, 0.30808424949645996, 0.32744547724723816, 0.34680673480033875, 0.36616796255111694, 0.38552919030189514, 0.4048904478549957, 0.4242516756057739, 0.4436129033565521, 0.4629741609096527, 0.4823353886604309, 0.5016966462135315, 0.5210578441619873, 0.5404191017150879, 0.5597803592681885, 0.5791415572166443, 0.5985028147697449]}, "train_loss": 2.2764089107513428, "train_acc": 0.125, "epoch": 7, "trainer/global_step": 1047, "val_loss": 2.2096683979034424, "val_acc": 0.18582887947559357, "_wandb": {"runtime": 838}}