{"val_logits": {"_type": "histogram", "values": [7, 25, 0, 0, 0, 0, 0, 0, 0, 0, 5, 23, 4, 0, 0, 0, 0, 0, 0, 0, 0, 0, 0, 0, 0, 0, 0, 0, 0, 0, 2, 24, 26, 12, 0, 0, 0, 0, 1, 21, 10, 7, 13, 11, 0, 1, 0, 0, 0, 0, 0, 0, 0, 0, 1, 15, 23, 20, 5, 1, 1, 37, 22, 3], "bins": [-0.1638028621673584, -0.15890826284885406, -0.15401367843151093, -0.1491190791130066, -0.14422449469566345, -0.13932989537715912, -0.13443531095981598, -0.12954071164131165, -0.1246461272239685, -0.11975152790546417, -0.11485693603754044, -0.1099623441696167, -0.10506775230169296, -0.10017316043376923, -0.09527856856584549, -0.09038397669792175, -0.08548938482999802, -0.08059479296207428, -0.07570020109415054, -0.0708056092262268, -0.06591101735830307, -0.061016421765089035, -0.0561218298971653, -0.05122723802924156, -0.046332646161317825, -0.04143805429339409, -0.03654346242547035, -0.031648870557546616, -0.02675427682697773, -0.021859684959053993, -0.016965091228485107, -0.01207049936056137, -0.007175907492637634, -0.0022813151590526104, 0.0026132771745324135, 0.007507869508117437, 0.012402461841702461, 0.017297053709626198, 0.022191647440195084, 0.02708623930811882, 0.03198083117604256, 0.03687542304396629, 0.04177001491189003, 0.046664606779813766, 0.0515592023730278, 0.05645379424095154, 0.061348386108875275, 0.06624297797679901, 0.07113756984472275, 0.07603216171264648, 0.08092675358057022, 0.08582134544849396, 0.0907159373164177, 0.09561052918434143, 0.10050512105226517, 0.1053997129201889, 0.11029431223869324, 0.11518890410661697, 0.12008349597454071, 0.12497808784246445, 0.12987267971038818, 0.13476726412773132, 0.13966186344623566, 0.1445564478635788, 0.14945104718208313]}, "_timestamp": 1651676927, "_runtime": 26, "_step": 1}